name,accuracy,precision_macro,recall_macro,f1_macro,infer_total_ms,infer_ms_per_sample,n_test
CNN + MFCC,0.9673202614379085,0.9639498432601881,0.9698412698412698,0.966495861253449,1583.463613999811,10.34943538561968,153
RF + MFCC,0.9477124183006536,0.9482359230220955,0.9436507936507936,0.945763913505849,138.10354299994287,0.9026375359473391,153
CNN + MelSpec,0.9411764705882353,0.9368330464716006,0.9476190476190476,0.9401538528401929,1813.5556269999142,11.853304751633427,153
LSTM + MFCC,0.8888888888888888,0.8864180636332535,0.8984126984126983,0.8876603463913963,1356.2196620005125,8.86418079738897,153
LSTM + MelSpec,0.7843137254901961,0.8212814645308925,0.7476190476190476,0.7561458584882879,1395.7549120004842,9.122581124186171,153
